NAME,CarNumber
ACOSTA,Y163O8161RUS
ADAMS,E432XX77RUS
ADKINS,7184TT36RUS
AGUILAR,X582HE161RUS
AGUIRRE,92918M178RUS
ALEXANDER,H234YH197RUS
ALLEN,E40577152RUS
ALVARADO,707987163RUS
ALVAREZ,K330T8197RUS
ANDERSON,X786CO96RUS
ANDRADE,C477M7161RUS
ANDREWS,O21997197RUS
ARMSTRONG,M592CH197RUS
ARNOLD,9020YC197RUS
AUSTIN,8182XX154RUS
AVILA,7830C8197RUS
AYALA,7066C8197RUS
BAILEY,M298CH161RUS
BAKER,E445TC197RUS
BALDWIN,8440XX154RUS
BALL,9371CE154RUS
BANKS,9182CE154RUS
BARBER,83298C154RUS
BARKER,Y7659C197RUS
BARNES,C922YE197RUS
BARNETT,7364C8197RUS
BARRETT,M5039X197RUS
BARTON,8603T8154RUS
BAUER,O672E8197RUS
BECKER,C903MC161RUS
BELL,T7318T163RUS
BENNETT,Y7719C197RUS
BENSON,T011MY163RUS
BERRY,H115YO163RUS
BISHOP,73467Y96RUS
BLACK,O134HE197RUS
BLAIR,H968HY161RUS
BLAKE,Y654E8750RUS
BOWEN,H963HY161RUS
BOWERS,H232YH197RUS
BOWMAN,7843C8197RUS
BOYD,X791O796RUS
BRADLEY,H958HY161RUS
BRADY,708587163RUS
BREWER,Y973O8197RUS
BROOKS,97977H178RUS
BROWN,H917TC36RUS
BRYANT,Y7709C197RUS
BUCHANAN,8513XX154RUS
BURGESS,T870X7163RUS
BURKE,8818C877RUS
BURNS,T395OT197RUS
BURTON,K327T8197RUS
BUSH,8311XX154RUS
BUTLER,X423MK197RUS
BYRD,96429X178RUS
CABRERA,O275O7161RUS
CALDERON,7789KT197RUS
CALDWELL,E28877161RUS
CAMPBELL,9498KX178RUS
CAMPOS,99209X178RUS
CANNON,T6449O50RUS
CARDENAS,9683EC178RUS
CARLSON,Y353O8197RUS
CARPENTER,O719MM163RUS
CARR,E535MM199RUS
CARRILLO,Y352O8197RUS
CARROLL,7788KT197RUS
CARTER,E807HE77RUS
CASEY,M516CH161RUS
CASTANEDA,89587X197RUS
CASTILLO,7781KT197RUS
CASTRO,E645TH36RUS
CERVANTES,Y302E877RUS
CHAMBERS,M058XE36RUS
CHAN,8166XX154RUS
CHANDLER,M589CH197RUS
CHANG,9408H7178RUS
CHAPMAN,H387TM197RUS
CHAVEZ,8049HT125RUS
CHEN,9698MO178RUS
CHRISTENSEN,8685HE154RUS
CLARK,7177TT36RUS
CLARKE,O77997197RUS
COBB,Y234E877RUS
COHEN,97987H178RUS
COLE,X257HE161RUS
COLEMAN,T399KX197RUS
COLLINS,H957HY161RUS
COLON,K379HY161RUS
CONNER,T654HT96RUS
CONTRERAS,8439XX154RUS
COOK,Y965EE197RUS
COOPER,X758HY197RUS
CORTEZ,M0279X197RUS
COX,H224X836RUS
CRAIG,E6849O154RUS
CRAWFORD,O83797197RUS
CROSS,9402KK197RUS
CRUZ,7368C8197RUS
CUMMINGS,H427YH197RUS
CUNNINGHAM,9583EY178RUS
CURRY,Y038E877RUS
CURTIS,9822H8161RUS
DANIEL,7826C8197RUS
DANIELS,E160YX77RUS
DAVIDSON,82337X197RUS
DAVIS,X757HY197RUS
DAWSON,X765HY197RUS
DAY,934497178RUS
DEAN,K2807K154RUS
DELACRUZ,T8008Y125RUS
DELEON,Y960EE197RUS
DELGADO,7840C8197RUS
DENNIS,K846YE77RUS
DIAZ,7827C8197RUS
DIXON,Y655E8750RUS
DOMINGUEZ,H003MH197RUS
DOYLE,Y8399C197RUS
DUNCAN,9135X938RUS
DUNN,H385TM197RUS
DURAN,9428EX178RUS
EDWARDS,H837YK197RUS
ELLIOTT,O83597197RUS
ELLIS,E42577152RUS
ERICKSON,E53277152RUS
ESPINOZA,9943KK197RUS
ESTRADA,8165XX154RUS
EVANS,T476KX197RUS
FARMER,C422X938RUS
FERGUSON,K328T8197RUS
FERNANDEZ,9466EX178RUS
FIELDS,X256HE161RUS
FIGUEROA,Y275O8197RUS
FISCHER,H217X836RUS
FISHER,Y316E877RUS
FITZGERALD,8601XX154RUS
FLEMING,M741T9152RUS
FLETCHER,9883HX152RUS
FLORES,Y6829Y50RUS
FLOYD,H004MH197RUS
FORD,704987163RUS
FOSTER,E316EH197RUS
FOWLER,O22297197RUS
FOX,O02597197RUS
FRANCIS,X015HY197RUS
FRANCO,T769OT197RUS
FRANK,Y778EE197RUS
FRANKLIN,7829C8197RUS
FRAZIER,T272HH163RUS
FREEMAN,T018OX197RUS
FRENCH,Y255E877RUS
FUENTES,9697MO178RUS
FULLER,T686EO197RUS
GALLAGHER,C590EY154RUS
GALLEGOS,T941CC96RUS
GARCIA,O22397197RUS
GARDNER,X242EC197RUS
GARNER,T020OX197RUS
GARRETT,E33577152RUS
GARZA,E773EH197RUS
GEORGE,T6428M116RUS
GIBBS,Y7129Y50RUS
GIBSON,Y418EX197RUS
GILBERT,Y7689C197RUS
GILL,E52877152RUS
GLOVER,7369C8197RUS
GOMEZ,Y166O8161RUS
GONZALES,705287163RUS
GONZALEZ,K559KC161RUS
GOODMAN,M0299X197RUS
GOODWIN,84418C154RUS
GORDON,E53488152RUS
GRAHAM,90159H178RUS
GRANT,C798ET50RUS
GRAVES,Y193O8161RUS
GRAY,7248C8197RUS
GREEN,K357YE77RUS
GREENE,E0697X152RUS
GREGORY,E40877152RUS
GRIFFIN,Y351O8197RUS
GRIFFITH,Y356O8197RUS
GROSS,O6939X163RUS
GUERRERO,9935TE152RUS
GUTIERREZ,704687163RUS
GUZMAN,7197TT36RUS
HAIL,O143HO197RUS
HALE,K436MO152RUS
HALL,9938OH154RUS
HAMILTON,E34877152RUS
HAMMOND,E5878M777RUS
HAMPTON,7844C8197RUS
HANSEN,C584EY154RUS
HANSON,E28977161RUS
HARDY,T016OX197RUS
HARMON,H889YK197RUS
HARPER,7363C8197RUS
HARRINGTON,T6039O50RUS
HARRISON,Y967O8197RUS
HART,E816HE77RUS
HARTMAN,T6329O50RUS
HAWKINS,M581CH197RUS
HAYES,X523OM161RUS
HAYNES,C412X938RUS
HENDERSON,7831C8197RUS
HENRY,8164XX154RUS
HERRERA,E822TH36RUS
HICKS,8437XX154RUS
HIGGINS,C515X938RUS
HILL,7172TT36RUS
HINES,8436XX154RUS
HODGES,E79988152RUS
HOFFMAN,8180XX154RUS
HOLLAND,84438C154RUS
HOLMES,T6309O50RUS
HOLT,T6129O50RUS
HOPKINS,K339T8197RUS
HORTON,X782CO96RUS
HOWARD,E591HE77RUS
HOWELL,9499KX178RUS
HUANG,Y357O8197RUS
HUBBARD,Y652O8197RUS
HUDSON,X767HY197RUS
HUGHES,H220X836RUS
HUNT,H218X836RUS
HUNTER,T913CT197RUS
IBARRA,T6439O50RUS
INGRAM,7784KT197RUS
JACKSON,X286TC36RUS
JACOBS,O752MX161RUS
JENKINS,92828M178RUS
JENNINGS,Y650E8750RUS
JENSEN,8321XX154RUS
JIMENEZ,8316XX154RUS
JOHNSON,T017OX197RUS
JOHNSTON,H977HY161RUS
JONES,X522OM161RUS
JORDAN,O085E8197RUS
JOSEPH,705387163RUS
JUAREZ,O017KO197RUS
KELLER,X4138H125RUS
KELLEY,8441XX154RUS
KELLY,M0269X197RUS
KENNEDY,T483CT96RUS
KHAN,T940CC96RUS
KIM,C58078163RUS
KING,O02397197RUS
KLEIN,8611T8154RUS
KNIGHT,704787163RUS
KRAMER,C313MM99RUS
LAMBERT,X763HY197RUS
LANE,M386M9197RUS
LARA,8605T8154RUS
LARSON,7147OE161RUS
LAWRENCE,7361C8197RUS
LAWSON,Y359EY197RUS
LE,T6559O50RUS
LEE,9469EX178RUS
LEON,Y6839Y50RUS
LEONARD,H237YH197RUS
LEWIS,T948OM96RUS
LI,T395KX197RUS
LIN,M301CH161RUS
LINDSEY,9496KX178RUS
LITTLE,T6319O50RUS
LIU,H305T8197RUS
LLOYD,8201XX154RUS
LOGAN,O64297197RUS
LONG,9523M8178RUS
LOPEZ,Y273O8197RUS
LOVE,T6229O50RUS
LOWE,X023HY197RUS
LUCAS,8226XX154RUS
LUNA,Y038TO197RUS
LYNCH,M0289X197RUS
LYONS,E811HE77RUS
MACK,X795O796RUS
MALDONADO,O39997197RUS
MALONE,97968K152RUS
MANN,H219X836RUS
MANNING,T6169O50RUS
MARQUEZ,94178K154RUS
MARSHALL,9467EX178RUS
MARTIN,O78097197RUS
MARTINEZ,X5707X161RUS
MASON,Y232E877RUS
MAXWELL,X255HE161RUS
MAY,E552MO152RUS
MCBRIDE,97998K152RUS
MCCOY,T477KX197RUS
MCDANIEL,T2639T116RUS
MCDONALD,O49797197RUS
MCGEE,O68897197RUS
MCGUIRE,72457Y96RUS
MCKINNEY,7064C8197RUS
MCLAUGHLIN,E948C8152RUS
MEDINA,C514X938RUS
MEJIA,C589EY154RUS
MENDEZ,K899T8197RUS
MENDOZA,T6418M116RUS
MEYER,8607XX154RUS
MILES,92778M178RUS
MILLER,T288CT96RUS
MILLS,9886HX152RUS
MIRANDA,C583EY154RUS
MITCHELL,C592EY154RUS
MOLINA,T6459O50RUS
MONTGOMERY,X759HY197RUS
MONTOYA,705787163RUS
MOODY,92898M178RUS
MOORE,9671EC178RUS
MORALES,M302CH161RUS
MORAN,M578CH197RUS
MORENO,Y207O8161RUS
MORGAN,96659X178RUS
MORRIS,T912CT197RUS
MORRISON,7183TT36RUS
MOSS,89557X197RUS
MUELLER,Y359O8197RUS
MULLINS,K2817K154RUS
MUNOZ,Y964O8197RUS
MURPHY,H967HY161RUS
MURRAY,E394MO152RUS
MYERS,O50699163RUS
NAVARRO,9463EX178RUS
NEAL,E53677152RUS
NELSON,K338T8197RUS
NEWMAN,Y4298M777RUS
NEWTON,Y687HM197RUS
NGUYEN,98037H178RUS
NICHOLS,7828C8197RUS
NORMAN,H980HY161RUS
NORTON,7199MT197RUS
NUNEZ,X908XC197RUS
OBRIEN,T171CC96RUS
OCHOA,X4108H125RUS
OCONNOR,Y966O8197RUS
OLIVER,K2797K154RUS
OLSON,7089H8163RUS
OROZCO,7841C8197RUS
ORTEGA,9940KK197RUS
ORTIZ,H971HY161RUS
OSBORNE,H844YH197RUS
OWENS,E33477152RUS
PACHECO,Y156E877RUS
PADILLA,E396MO152RUS
PAGE,Y969O8197RUS
PALMER,9028CO161RUS
PARK,T6249O50RUS
PARKER,E42377152RUS
PARKS,9941KK197RUS
PATEL,K040CC197RUS
PATTERSON,E41577152RUS
PATTON,9763HY161RUS
PAUL,T535ET96RUS
PAYNE,H961HY161RUS
PEARSON,M2169X197RUS
PENA,8234XX154RUS
PERKINS,E52677152RUS
PERRY,8451M7154RUS
PERSON,9589EY178RUS
PETERS,H907YK197RUS
PHAM,M3879X197RUS
PHILLIPS,C299K9154RUS
PIERCE,9468EX178RUS
POPE,M375CH197RUS
PORTER,H982HY161RUS
POTTER,8224XX154RUS
POWELL,Y653E8750RUS
POWERS,K558KC161RUS
PRICE,O058M7161RUS
QUINN,M256OH161RUS
RAMIREZ,T242H8197RUS
RAMOS,K27188138RUS
RAMSEY,96629X178RUS
RAY,9881HX152RUS
REED,T479KX197RUS
REESE,M680T9152RUS
REEVES,C410X938RUS
REID,X762HY197RUS
REYES,9470EX178RUS
REYNOLDS,X4128H125RUS
RHODES,9762HY161RUS
RICE,H419XE197RUS
RICHARDS,98017H178RUS
RICHARDSON,Y780EE197RUS
RILEY,M580CH197RUS
RIOS,9943OH154RUS
RIVAS,Y354O8197RUS
RIVERA,7065C8197RUS
ROBBINS,E28777161RUS
ROBERTS,M701T9152RUS
ROBERTSON,E577HE77RUS
ROBINSON,92788M178RUS
ROBLES,9072EM178RUS
RODGERS,9409H7178RUS
RODRIGUEZ,C3829X154RUS
ROGERS,T478KX197RUS
ROJAS,T119CT96RUS
ROMAN,708487163RUS
ROMERO,H983HY161RUS
ROSALES,7842C8197RUS
ROSS,Y693HM197RUS
ROWE,96857X197RUS
RUIZ,T394KX197RUS
RUSSELL,O49897197RUS
RYAN,H963X936RUS
SALAS,T341CC96RUS
SALAZAR,9942KK197RUS
SALINAS,9141H8178RUS
SANCHEZ,7370C8197RUS
SANDERS,9890HX152RUS
SANDOVAL,M268CH197RUS
SANTIAGO,C419X938RUS
SANTOS,M0319X197RUS
SAUNDERS,M577CH197RUS
SCHMIDT,H975HY161RUS
SCHNEIDER,X018HY197RUS
SCHROEDER,E33177152RUS
SCHULTZ,9491H7178RUS
SCHWARTZ,M374CH197RUS
SCOTT,96679X178RUS
SERRANO,9594HY161RUS
SHARP,83218C154RUS
SHAW,9764HY161RUS
SHELTON,708187163RUS
SHERMAN,H908YK197RUS
SILVA,Y656E8750RUS
SIMMONS,9679EC178RUS
SIMON,C803KE163RUS
SIMPSON,Y7379Y50RUS
SIMS,X320MK197RUS
SINGH,96907X197RUS
SMITH,H235YH197RUS
SNYDER,9474EX178RUS
SOLIS,Y8259C197RUS
SOTO,E29577161RUS
SPENCER,X761HY197RUS
STANLEY,T396KX197RUS
STEELE,C593EY154RUS
STEPHENS,Y164O8161RUS
STEVENS,M942OT152RUS
STEVENSON,Y7429Y50RUS
STONE,Y195O8161RUS
STRICKLAND,O669E8197RUS
SUAREZ,Y187O8161RUS
SULLIVAN,K329T8197RUS
SUTTON,9677MO178RUS
SWANSON,9939KK197RUS
TATE,M373CH197RUS
TAYLOR,7164YM36RUS
TERRY,O753MX161RUS
THOMAS,T6488M116RUS
THOMPSON,98047H178RUS
THORNTON,9488EY178RUS
TODD,O481OH77RUS
TORRES,K326T8197RUS
TOWNSEND,X796TH96RUS
TRAN,Y358O8197RUS
TRUJILLO,C420X938RUS
TUCKER,Y965O8197RUS
TURNER,Y274O8197RUS
TYLER,E223YM197RUS
VALDEZ,Y964EE197RUS
VALENCIA,T6049O50RUS
VARGAS,H259HY161RUS
VAUGHN,K889HY161RUS
VAZQUEZ,H214X836RUS
VEGA,O421OT161RUS
VELASQUEZ,7360C8197RUS
VELAZQUEZ,Y194O8161RUS
WADE,T6359O50RUS
WAGNER,E29677161RUS
WALKER,T020MM116RUS
WALLACE,9502XX38RUS
WALSH,8521XX154RUS
WALTERS,K376HE161RUS
WALTON,7193TT36RUS
WANG,O785T9163RUS
WARD,H618YC38RUS
WARNER,9068EM178RUS
WARREN,7783KT197RUS
WASHINGTON,Y305E877RUS
WATERS,E881OT197RUS
WATKINS,O718MM163RUS
WATSON,9975CC77RUS
WATTS,T195OK161RUS
WEAVER,T914CT197RUS
WEBB,E41977152RUS
WEBER,9464EX178RUS
WEBSTER,O50197197RUS
WELCH,7608EE777RUS
WELLS,X583HE161RUS
WEST,Y7229Y50RUS
WHEELER,M6977E152RUS
WHITE,8325M7154RUS
WILLIAMS,Y192O8161RUS
WILLIAMSON,96599X178RUS
WILLIS,X760HY197RUS
WILSON,H966HY161RUS
WISE,9938KK197RUS
WOLF,98087H178RUS
WOLFE,7367C8197RUS
WONG,9137X938RUS
WOOD,9398MM199RUS
WOODS,E53477152RUS
WRIGHT,7194TT36RUS
WU,O136HO197RUS
YANG,O22097197RUS
YOUNG,M0309X197RUS
ZHANG,O673E8197RUS
ZIMMERMAN,8610T8154RUS
FOSTER,H034CK979RUS
LITTLE,C113CA579RUS
WALLACE,B380XK806RUS
WELCH,H561AX850RUS
WEBER,B393CX775RUS
